File,Tempo,Chroma_mean,Chroma_var,SpectralCentroid_mean,SpectralCentroid_var,ZeroCrossingRate_mean,ZeroCrossingRate_var,OnsetStrength_mean,OnsetStrength_var,Harmonic_mean,Harmonic_var,Percussive_mean,Percussive_var,Tonnetz_mean,Tonnetz_var,RMS_mean,RMS_var,MFCC1_mean,MFCC2_mean,MFCC3_mean,MFCC4_mean,MFCC5_mean,MFCC6_mean,MFCC7_mean,MFCC8_mean,MFCC9_mean,MFCC10_mean,MFCC11_mean,MFCC12_mean,MFCC13_mean,MFCC1_variance,MFCC2_variance,MFCC3_variance,MFCC4_variance,MFCC5_variance,MFCC6_variance,MFCC7_variance,MFCC8_variance,MFCC9_variance,MFCC10_variance,MFCC11_variance,MFCC12_variance,MFCC13_variance,Label
Antônio Carlos Jobim - Corcovado.mp3,117.45383522727273,0.35167804,0.08953897,2207.307842180208,324874.7234355718,0.10549083307160805,0.0014269973772340467,1.151893,1.18382,-4.86809e-07,0.0018523133,4.461862e-06,0.00054680096,0.0021590056586619755,0.005250758202788906,0.053433202,0.000573719,-177.98674,101.981926,-9.050865,11.926225,0.21151789,-0.38749978,-0.99967724,-0.59975654,-3.6615107,-4.0390053,-9.074652,2.3098414,-3.0912483,2735.251,585.27783,492.37592,200.29497,143.8625,128.03441,127.57924,133.98912,116.42837,110.84271,98.52818,103.54411,109.33362,Bossa-Nova
"Antônio Carlos Jobim, Frank Sinatra - The Girl From Ipanema.mp3",135.99917763157896,0.34330398,0.08775139,1855.6772647207322,361962.0802100459,0.07736511584364128,0.0017338477893994084,1.181327,1.3379945,9.796071e-06,0.012539244,1.6941656e-05,0.0025696652,0.0038719446612777483,0.00553940423793101,0.1334422,0.0027942087,-110.02245,119.28175,4.3142767,8.807797,-3.8408577,2.5449965,-5.8059053,0.48841733,-8.454555,-1.6298983,-6.90684,-0.38658065,-5.872942,5415.521,502.6781,464.35522,170.1013,138.7054,108.794426,90.15457,83.01833,81.12274,82.48989,69.58147,69.05126,68.7252,Bossa-Nova
"Elis Regina, Antônio Carlos Jobim - Triste.mp3",135.99917763157896,0.37654048,0.09159495,1668.6913527212346,260135.88670506014,0.06304509325473522,0.0013500328987736203,1.313804,2.4693391,-1.5577434e-05,0.016655147,4.1711857e-05,0.005633619,-0.009243044258559896,0.005610767281223177,0.15947443,0.004540788,-114.91368,125.203804,4.1170216,9.35512,1.183874,10.561701,-0.6974462,5.8954525,0.060765818,6.812416,-1.9657753,2.7216709,-0.71960515,5000.7466,436.55585,650.219,272.1481,208.09233,102.82596,103.634544,72.48548,109.512405,108.98497,85.94365,84.547264,93.61765,Bossa-Nova
Stan Getz - Vivo Sonhando.mp3,95.703125,0.315552,0.09524919,1878.894703836871,607517.2325835364,0.07106445689988404,0.003117034239818734,1.1548198,1.0979434,1.2846276e-05,0.008169909,2.6474723e-05,0.0011492951,0.004673718236408706,0.009024512078295441,0.102746196,0.0015213788,-148.75768,119.010826,13.100853,6.482071,-11.032734,4.779857,-9.662391,0.79358715,-7.9377522,-5.8063564,-6.57466,-0.9240792,-7.214649,3763.937,766.69305,481.72464,214.27362,232.16322,128.30557,144.95164,72.3602,97.21949,67.94226,62.909252,73.812164,56.550346,Bossa-Nova
Bet.e and Stef - So Danco Samba.mp3,92.28515625,0.29321077,0.08840882,1645.4646707187283,413873.0501203184,0.06526340385823348,0.0013484963106676438,1.1438774,1.6921107,3.1342363e-08,0.007334008,1.727593e-06,0.001240938,0.012861636452721816,0.010977060380869718,0.094491094,0.0022165286,-173.61176,127.78848,1.9791104,5.662933,-11.572181,-4.4385347,-9.776021,-7.0400124,-10.020846,-12.575949,-9.3194475,-1.9991355,-7.950044,7489.8955,705.9511,328.0021,181.84778,181.4945,120.910034,70.71036,62.35972,75.020164,71.16773,51.263023,62.03914,56.399837,Bossa-Nova
João Gilberto - Rei sem coroa (ao vivo no Sesc).mp3,117.45383522727273,0.30972475,0.09569963,1629.2391600528883,558510.8853599296,0.05652492480431001,0.0033976018633580293,1.1615049,1.2286838,3.4763093e-06,0.0070166173,4.63081e-06,0.0010102037,-0.002599659419207767,0.009587555100561643,0.094515584,0.0018158205,-185.38705,126.97538,24.17813,16.285557,-9.026326,-0.6816215,-12.623262,-4.1890655,-6.0879984,-5.6842995,-9.213387,-4.259728,-12.642411,3036.5767,490.92975,315.63687,234.0662,226.45958,94.75301,90.04426,58.9073,71.70014,59.993477,42.298782,34.808212,32.137707,Bossa-Nova
Paula Sergio - Wave.mp3,143.5546875,0.34132507,0.087724134,2143.8191753489496,427137.2114451227,0.098693210644569,0.00195682895911371,1.2852302,1.5816898,-1.6999742e-05,0.007701572,1.3345301e-06,0.0026227538,0.0072263330037607276,0.0049264378077546675,0.110474385,0.0024924371,-116.44255,108.31652,4.36391,6.3562956,-0.7821388,5.7244124,1.6361483,3.1251574,-3.9913073,-1.8661132,-8.290277,-4.086346,-6.0032682,4148.9033,589.4092,487.22955,149.49342,181.56708,100.33283,110.0626,103.273834,140.21675,104.10548,93.72898,93.2111,72.76065,Bossa-Nova
Cauby Peixoto - Até Quem Sabe.mp3,143.5546875,0.32734764,0.08547623,1854.0581204025705,486930.62237205374,0.10181824839340936,0.0028425655807339505,1.033276,1.1320277,4.764099e-06,0.011881732,1.3005278e-05,0.0029667192,0.0012776539010338117,0.008663793619849171,0.12540011,0.0047002137,-117.069664,126.42559,-33.25687,-5.474261,-17.175236,-6.348603,-10.873788,-1.8061652,-10.764735,-2.0875914,-4.0779357,-2.9572198,-7.971403,6858.487,815.29205,522.971,224.88234,164.39137,84.70454,86.7475,94.05275,75.02286,63.96414,70.150986,78.26545,68.43366,Bossa-Nova
João Gilberto - Morena Boca de Ouro (Brunette with a Mouth of Gold).mp3,112.34714673913044,0.3172792,0.0885166,2657.5414644745315,571778.7214063887,0.12831717934625048,0.004635233539338991,1.196978,1.259331,6.6647194e-06,0.0062877247,3.0865663e-06,0.0018702301,-0.003141625321434648,0.00805639578935575,0.09511971,0.0021400023,-114.350525,83.27493,-8.617548,2.749866,-12.90419,-2.39048,-16.04865,-3.534297,-10.394749,-10.654541,-8.846424,-4.4834704,-6.656963,3928.4985,470.84833,518.6177,130.58989,229.76015,144.35977,98.00186,68.20807,87.229576,54.83359,53.366726,55.338787,50.11013,Bossa-Nova
Quarteto Jobim-Morelenbaum - Água de Beber.mp3,99.38401442307692,0.33348912,0.09000194,1977.5958869866047,202440.49794914856,0.09579221226323928,0.0007335255754526182,1.1719568,2.203939,4.014366e-06,0.014364739,-3.2491575e-05,0.0055204565,-0.006115689758805085,0.006004360637946457,0.14279965,0.007830588,-117.20614,108.67151,-19.859459,1.9980903,-6.76381,-2.3487442,-10.254452,-7.5036345,-11.775301,-5.6965327,-7.2269783,-2.1293795,-3.0129757,16095.375,579.637,478.04596,163.60562,128.2766,120.2759,106.121475,86.99375,97.907364,98.00928,115.83812,80.968025,80.362206,Bossa-Nova
"Luis Bonfa, Toots Thielemans - Samba de Orfeu.mp3",107.666015625,0.32278174,0.09440197,1758.1354944629427,219164.7322570028,0.08707959116495942,0.0017170142698552445,1.5267844,4.3427253,-7.0078954e-06,0.0022316352,2.4044899e-05,0.00079765497,0.0016259893587390862,0.007617130089854026,0.053727604,0.0014073147,-233.0391,122.60143,-13.679403,6.055975,-10.220111,-1.6167572,-7.595512,-1.3569596,-3.2362065,-2.3886466,-7.20894,3.6354575,-0.5014197,9652.162,759.3542,496.15094,296.0828,226.22345,247.78604,148.62364,102.249466,111.19204,118.39426,128.14238,179.25363,93.73327,Bossa-Nova
"Alper Tuzcu, Helena Beltrão - Facilmente.mp3",103.359375,0.32454905,0.09068921,1946.4716615631905,568509.8383477039,0.08383054847555083,0.004194000880145133,1.2427576,1.7644786,-2.524849e-06,0.023885129,2.4349763e-05,0.0062801833,0.0015578556572181086,0.008347209013412897,0.18056145,0.007825457,-103.02335,115.51219,12.951512,10.629386,-5.065427,-5.25282,-16.759274,1.0164762,-11.168659,3.036518,-10.028313,1.1324171,-1.3277526,6878.7188,1028.0364,687.48804,273.43332,198.49109,124.36972,133.55847,110.50766,85.18027,114.69641,92.28278,75.08468,87.90575,Bossa-Nova
João Gilberto - Pra Que Discutir Com Madame - Live.mp3,161.4990234375,0.301332,0.093372405,1612.6724023577037,703944.8630082831,0.06102534155150754,0.004337757303281956,1.5229757,3.0044575,3.7776954e-06,0.0028965448,3.2058974e-06,0.0008751616,0.010210305782623903,0.009667977688935804,0.06489174,0.0010544274,-230.10347,131.39001,12.5147085,7.487136,-9.596875,-0.17398195,-12.443436,-2.968354,-8.052361,-7.0648146,-10.738743,-6.734449,-13.414195,5027.4062,877.90393,517.9718,223.89998,179.94691,125.648964,87.37977,57.98833,83.505356,62.347157,48.392395,44.176598,41.0855,Bossa-Nova
João Gilberto - Maria Ninguem (Maria Nobody).mp3,123.046875,0.3052115,0.09468316,2021.455832967555,532915.9803200656,0.07193362394907228,0.003855304639569857,1.2565557,1.7606989,-6.0526772e-06,0.007171015,-1.4212385e-05,0.0017189608,0.005562467889889895,0.010057568398605363,0.09796045,0.0023460048,-160.78612,108.15694,17.750662,11.00602,-12.392611,1.7370853,-15.841476,-3.0284615,-8.0055685,-11.257076,-10.142091,-3.6886272,-7.7846913,4996.511,482.8524,480.19077,154.17136,289.1553,165.98769,106.398605,66.53735,90.35973,62.17082,46.70369,48.961784,50.231373,Bossa-Nova
Antônio Carlos Jobim - Wave.mp3,143.5546875,0.35901877,0.09683633,1510.9921012900325,133406.23928654732,0.06432666638480866,0.0009538806151594099,1.1233664,1.1850563,-1.0324078e-05,0.007633094,-3.0660172e-05,0.0015606461,-0.003362254652310936,0.004584465582329507,0.105419785,0.0018600295,-152.10764,137.36566,4.6624928,3.607308,-4.579533,-5.8682737,-8.359619,-0.4350281,-2.155097,2.0194511,-10.04408,-2.0049975,-6.303278,4604.026,456.58948,312.3092,215.27307,113.12057,106.8277,77.90404,87.35164,76.59507,95.253716,94.22352,99.06239,95.51171,Bossa-Nova
Antônio Carlos Jobim - Ela É Carioca - Ao Vivo.mp3,129.19921875,0.31019914,0.08729698,1761.3416191219626,95995.03168978592,0.09342215132151141,0.0006138905825446749,1.1167756,0.94628245,6.46938e-06,0.010414896,4.9797777e-06,0.0024032004,-0.0011564488777977416,0.006259206541183981,0.12319667,0.002450155,-107.511284,126.81611,-28.348352,1.4752456,-11.215345,-4.2966223,-9.195722,-4.5859447,-10.307158,-1.476287,-4.310968,-0.13238735,-9.447487,3044.159,370.34427,218.9425,123.04484,145.99127,88.792496,70.415565,69.87815,79.435005,71.48204,89.63455,89.60988,81.57155,Bossa-Nova
João Donato - Manha de Carnaval.mp3,117.45383522727273,0.33879733,0.0874808,1983.9916182631632,318530.400224741,0.09236933616399304,0.0016455511268422113,1.2471794,2.3407376,-1.7917733e-06,0.0017999413,-3.5486097e-05,0.0006574383,0.00706550364717707,0.005316612513667361,0.05159665,0.0007885281,-197.92926,114.62727,-4.8783474,11.457754,-2.9587295,-2.212654,-3.5607448,-4.1088414,-5.0245285,2.1197524,-8.171664,-2.02591,-3.0899138,2614.3135,662.74176,464.35132,205.65138,140.11667,141.92047,158.29237,99.34357,113.46027,51.597973,94.13737,88.76509,61.86126,Bossa-Nova
"Vinícius de Moraes, Toquinho, Quarteto Em Cy - Carta Ao Tom 74.mp3",95.703125,0.36337978,0.090402044,1784.718378326334,388631.2235973825,0.07520210729126402,0.0014973521277794498,1.189191,1.5596284,-2.453246e-06,0.0019809934,-3.0486462e-05,0.00089863036,0.0031078138325879687,0.0036927928249150866,0.056637168,0.0010229573,-225.54327,120.61089,4.870513,13.128865,1.6041721,3.808866,-3.1867583,3.6452138,-2.38049,-2.4812946,-4.81091,-0.5844923,-5.24375,14377.132,993.45197,476.819,204.02312,185.14926,167.22498,131.06987,76.67381,93.71524,95.80476,69.098785,78.32489,66.47229,Bossa-Nova
João Gilberto - Trevo de quatro folhas.mp3,112.34714673913044,0.3459692,0.093629256,2453.9785394714845,474254.04635524575,0.10955449573589099,0.00292513233245723,1.2898782,1.5210298,5.590857e-06,0.004601031,8.9641935e-06,0.001513713,-0.007117514163196128,0.0046182005060515586,0.08126442,0.001972584,-141.09988,96.83075,5.9601502,-6.0562053,-15.353121,4.445738,-8.033861,-3.723286,-9.63538,-8.223339,-7.486051,-5.7198877,-3.9850326,4162.4526,443.4571,439.60138,170.43214,254.65599,101.91609,131.07849,45.665268,72.26025,51.307106,49.51669,52.878002,45.583702,Bossa-Nova
João Gilberto - Estate.mp3,117.45383522727273,0.29808915,0.08856222,1985.9314481513934,325370.82296715607,0.11556260116689215,0.0015632965255711635,0.87257254,0.30734172,-1.0923611e-06,0.0034212642,4.426437e-06,0.00048954267,0.0002612384681220853,0.004893895090918568,0.061728332,0.0013927693,-190.8345,97.03268,-45.576523,-0.35150662,-16.029282,2.7829337,-6.030653,-8.812172,-11.142471,1.3981806,-0.16852535,1.5494092,-9.335231,14555.642,1012.5356,538.44214,141.59558,164.00879,220.85602,229.14189,76.8801,74.72382,61.219498,104.10197,113.7832,104.19775,Bossa-Nova
Antônio Carlos Jobim - Samba De Uma Nota Só.mp3,112.34714673913044,0.292635,0.08820082,1942.468035928051,105776.63682493128,0.11270614641718206,0.0009110592493014396,1.0883353,1.634288,-1.0248348e-06,0.007274571,-1.1503505e-05,0.002018349,0.00047524660317249,0.004316539529644331,0.10215469,0.002156419,-131.47653,110.45717,-30.863222,18.051292,-2.7032685,2.4274416,-4.5032773,-4.42822,-8.665288,0.7148598,-0.8426198,4.592576,-0.10997752,8233.943,334.58307,349.40872,168.79422,201.30615,135.41788,147.55696,139.91733,117.78578,156.51607,103.205,119.17259,101.61195,Bossa-Nova
"Antônio Carlos Jobim, Gal Costa - Dindi - Live.mp3",143.5546875,0.41143143,0.094224185,3239.750353841334,1233825.3337030648,0.23174598201343255,0.016880834068212128,1.0015867,0.50181323,-1.8689442e-06,0.0011824237,-7.958578e-08,0.0006336557,0.008091927962503886,0.005711993788475772,0.044358425,0.0009418039,-205.9368,38.6564,-42.08664,0.2805184,-14.909533,1.3680611,-11.612845,-5.8609085,-7.556415,1.6023699,-1.0568506,1.4619967,-1.5249654,12664.649,4512.0435,757.6869,257.10873,136.82458,171.94463,74.55254,89.5539,57.130966,56.352352,64.48345,68.65213,60.98077,Bossa-Nova
Gilberto Gil - O Pato.mp3,112.34714673913044,0.32341987,0.091536686,1953.75909507429,419046.5436428233,0.08904762695689988,0.0020058493951275315,1.5226686,4.65646,1.7969683e-06,0.0073433425,-7.2767875e-06,0.0043657958,0.004496724803233467,0.00753384615134859,0.1110003,0.0039495635,-140.2477,114.23269,-8.58166,-0.42887992,-14.301871,-8.942677,-12.573623,-2.0321946,-5.1491394,-2.6317594,-11.901127,-5.7090974,-12.058164,6519.0884,816.2321,450.0661,185.82655,156.9875,101.45117,157.84174,90.53813,73.87632,90.10827,128.561,73.50524,82.77579,Bossa-Nova
João Donato - Bluchanga.mp3,161.4990234375,0.39262128,0.08527485,2009.2472481330901,270929.9552736632,0.07707256233088519,0.001639211093248321,1.389763,3.7199144,2.854872e-05,0.029771477,6.614039e-05,0.010728753,0.006737045908762533,0.00429995971620081,0.2121783,0.010995024,-58.26347,109.08127,-2.1477528,14.664283,3.9291978,4.1852665,-1.2526524,2.669586,0.9883033,1.2393112,0.402192,3.7036536,-2.8201163,4889.943,407.9716,392.64636,152.09096,135.73976,121.25541,65.51464,59.21399,56.097466,62.010895,80.50129,52.58033,40.761387,Bossa-Nova
João Gilberto - Desafinado.mp3,161.4990234375,0.3320055,0.08774569,2452.7669331037505,503988.9882822863,0.11702461375386548,0.0027357295263527176,1.1703207,1.1691182,3.5565138e-06,0.0059098494,-7.0558613e-06,0.0019147906,0.0010893429772839756,0.0058278598716656185,0.09586192,0.0020029892,-117.36607,96.66917,-1.9167519,-2.6335382,-12.794341,-4.7637596,-18.017233,-3.5442133,-0.97608405,-4.5376196,-8.403581,-6.5603023,-11.834468,4947.1514,481.03122,556.29767,134.2227,218.43544,109.47732,93.87971,63.485813,74.63755,61.90858,67.35652,59.705452,60.07245,Bossa-Nova
João Gilberto - Amor certinho.mp3,123.046875,0.32049224,0.08792627,2333.898427504064,574219.83789386,0.1074313122100889,0.0029670045726613264,1.1592418,1.0265659,2.300811e-06,0.0030595146,7.858099e-06,0.001197866,0.0003736121086496912,0.006358989819607587,0.07064226,0.0011345091,-153.68703,103.03643,-0.633575,-2.5012467,-8.174812,3.1865404,-13.194699,-2.8904736,-4.7923083,-1.3889797,-3.1580982,-2.434515,-6.714374,3601.3877,715.3563,840.31274,188.17723,255.95116,150.35901,118.633575,108.97833,100.95982,94.126434,91.28431,72.04798,76.85669,Bossa-Nova
Maysa - Meu Mundo Caiu.mp3,103.359375,0.26566854,0.089774966,2856.3364852364057,555066.0826338307,0.1436375462045806,0.005264514332538206,1.0967696,0.60784894,1.0593793e-06,0.020051576,-2.36256e-05,0.0033973926,-0.004340120522138618,0.007993324684580853,0.16331129,0.0040773363,-69.2868,71.6286,-1.8690584,7.459832,-11.912828,-1.6535513,-9.815306,-4.4192243,-4.7960835,1.6181104,-3.009472,-2.8667333,-5.5777884,4360.1855,815.4423,888.3879,233.5575,192.70782,121.895134,90.06242,89.258156,96.980225,116.1868,111.37424,151.56897,111.24219,Bossa-Nova
Astrud Gilberto - Berimbau.mp3,117.45383522727273,0.3195823,0.093165934,2475.9967421153274,541252.7867530793,0.1183580915394279,0.004089257180034217,1.1805954,1.1195618,-1.8712975e-06,0.009759045,7.340578e-06,0.001718255,-0.008317010961065614,0.004262089078677742,0.10840087,0.0037850423,-124.22548,95.63452,-5.526848,-8.149043,-13.232992,-5.154602,-14.439009,-5.699272,-9.417668,0.1889623,-2.59596,1.1681403,-8.077298,9367.831,654.02325,463.8683,134.15709,116.26396,65.514015,68.44728,82.68719,126.97086,113.49051,96.755,60.62766,64.0917,Bossa-Nova
João Gilberto - O pato.mp3,117.45383522727273,0.3720688,0.09060528,2334.8424064205815,361104.1107105853,0.10769328916215694,0.0023821212795445677,1.3693869,2.384574,-1.3345347e-06,0.0032138026,-9.0038075e-06,0.002047765,-0.002294263171321116,0.004608913095369475,0.07918835,0.0016058941,-138.62445,100.25483,-0.0059043905,1.1478479,-10.5022135,2.4497662,-14.3353815,-1.7220851,-4.879559,-5.2265687,-7.9276648,-5.0008817,-6.6364303,4696.958,460.81503,623.6023,117.621376,241.71878,111.458664,113.749695,53.921406,67.86369,51.437912,54.11212,45.95403,47.010803,Bossa-Nova
"Elis Regina, Antônio Carlos Jobim - Só Tinha De Ser Com Você.mp3",117.45383522727273,0.36144504,0.08791557,1580.2733874682367,274264.8555459042,0.06803058260050251,0.0010841204288778016,1.3415062,2.7873626,5.154324e-06,0.010124276,-3.970133e-05,0.003115197,0.008278491739457631,0.004721611027284963,0.12852791,0.001695261,-123.199776,138.73741,4.911826,2.2846386,-0.38694817,5.0696225,-8.40665,-1.3371146,-5.094976,-0.069077194,-6.342584,3.1266265,-0.10751029,2639.778,567.0551,444.48715,186.0633,155.11063,108.045975,95.12823,62.798378,78.83327,56.110565,66.66717,78.96658,67.14264,Bossa-Nova
"Toquinho, Vinícius de Moraes - Insensatez.mp3",143.5546875,0.3653467,0.08780325,1738.9686744892863,370605.2994108423,0.08372522921095864,0.002437095574528931,1.1326792,1.2681109,-2.104108e-05,0.013357014,2.2737278e-05,0.0035505202,0.0011614755206510244,0.0039767958654105436,0.14015873,0.0039581857,-109.09,129.48376,-7.374306,3.681268,-14.478681,-14.780563,-12.969182,-0.051778007,-8.837751,-7.4746275,-8.408255,-3.5829496,-8.172852,4191.5317,609.0873,505.76468,224.51097,143.42264,100.922935,88.983475,69.36965,69.43125,51.845062,52.82881,55.02392,50.251892,Bossa-Nova
"Gal Costa, Antônio Carlos Jobim - Samba Do Aviao - Live.mp3",129.19921875,0.35258394,0.086315624,2311.276337465481,310908.6741319245,0.12462137913123308,0.0025200272893397186,1.0681505,0.7341299,7.7442905e-07,6.315978e-05,-2.2551783e-06,2.105956e-05,0.007800441333296326,0.006216788440713565,0.0098651415,2.396233e-05,-336.73666,97.20786,-21.93968,5.745307,-13.696042,-5.792484,-9.699761,-5.8490353,-7.93911,-6.7580132,-7.9841304,-2.7044835,-8.363481,4544.8945,590.6501,474.19095,202.74823,217.34956,91.168564,100.54556,70.76353,73.83194,119.107216,95.50923,79.87481,88.50902,Bossa-Nova
"Elis Regina, Antônio Carlos Jobim - Águas De Março.mp3",143.5546875,0.3611037,0.08940599,2019.9168075255845,301776.5326293476,0.09314280990287978,0.0019291027456763072,1.2124125,1.5671012,3.478424e-07,0.0024480214,1.06438865e-05,0.001101453,-0.012986688525431375,0.004896183195165827,0.06556037,0.0009342485,-158.82895,114.852554,-6.512762,1.4606138,-9.209131,3.4619367,-8.476385,-4.643793,-7.800585,-1.5837274,-6.459777,1.4126728,-4.8692966,4991.6753,551.17255,374.46628,130.99803,154.56772,75.9276,84.35593,80.833626,60.377537,74.08309,67.70696,70.873886,69.273026,Bossa-Nova
João Donato - Ê Lalá Lay-Ê.mp3,112.34714673913044,0.39203298,0.077635884,1838.0942980841899,88884.28600972233,0.0946403063997874,0.0006939468367025657,1.0405074,2.1802306,-1.7011355e-06,0.0076431856,-2.4530951e-05,0.002512566,0.005812758148700164,0.0058686371163940085,0.1105668,0.0022766518,-98.91948,120.39447,-30.473986,13.420242,-17.722935,-3.5442555,-11.558534,3.432212,-8.300139,-3.5498857,-6.6013994,-1.2279184,-4.5891395,3304.3896,319.44626,108.2974,156.8043,214.81485,88.954124,67.38256,47.18857,64.54594,48.814747,46.94835,51.9657,47.543175,Bossa-Nova
Maria Bethânia - Samba da Bênção.mp3,107.666015625,0.3701974,0.08650616,2251.6225818676244,474240.3287398354,0.09062571722796675,0.0025686968985162597,1.4986726,4.006385,5.466212e-06,0.008598309,0.00010358739,0.005916456,0.0059398550910497215,0.0049925969024916085,0.13174328,0.0044083577,-111.899895,100.18006,16.50625,16.639835,-4.4159207,-0.2618688,-9.125295,-2.6231587,-6.243676,-6.129892,-6.1716914,-0.31677857,0.4980477,7105.9824,613.87665,477.20264,155.43597,199.43492,134.14442,99.53059,57.942173,83.04891,46.989376,64.88379,58.892212,72.72456,Bossa-Nova
João Gilberto - Aguas de Marco.mp3,151.99908088235293,0.34365615,0.08923033,2088.8344764584303,755560.7461669389,0.08324902758987245,0.0039565640300530105,1.4822125,2.4691021,-9.792526e-07,0.001805162,3.0369638e-06,0.00056837924,0.0012888554396015164,0.009668022944577736,0.052175455,0.0005903533,-212.51643,110.982414,19.314268,8.886056,-16.319418,-6.9093385,-15.928617,-9.088319,-11.652016,-5.3812823,-10.751174,-4.6260834,-8.405085,4781.011,864.01953,352.57205,139.6873,186.90889,105.542244,91.42357,59.22896,66.737404,40.844,39.436214,29.34766,31.91168,Bossa-Nova
"Quarteto do Rio, Roberto Menescal - Rio.mp3",112.34714673913044,0.3718688,0.08644409,1845.2193553437153,478587.28485440795,0.08088972506764593,0.004301368911446433,1.2582552,1.806736,-1.38265505e-05,0.0152766,-2.3477705e-05,0.004772412,2.697575452954069e-05,0.005989961810037041,0.16141513,0.00284885,-86.58344,121.885025,-1.9409131,7.317394,-7.1228886,-1.82016,-8.869469,-1.1594868,-9.576848,-3.529962,-6.3807354,-5.008674,-11.0966215,5249.502,751.5634,332.40265,116.79692,166.32162,106.29788,82.81576,66.94855,67.331215,50.701572,56.405186,47.43693,54.71808,Bossa-Nova
"Baden Powell, Quarteto Em Cy - Canto de Ossanha.mp3",89.10290948275862,0.34825212,0.090206675,1697.7411640797573,243130.01548229242,0.05372528205933514,0.0010364091361585554,1.334083,2.9313347,-1.2081267e-05,0.0038214389,2.2766484e-05,0.00079322973,0.005215769898209136,0.006971116822765588,0.06965303,0.0010815567,-204.87148,120.37889,22.124199,16.476423,-3.3300815,0.080041364,-6.9137144,5.394408,-3.194388,-2.5738711,-6.0025086,-2.6187117,-10.183384,7016.517,435.01212,389.85355,129.70963,153.57428,59.310265,69.4178,49.684605,42.730232,45.246727,45.1707,39.76891,36.645,Bossa-Nova
João Gilberto - Rosa Morena (Brunette Rose).mp3,161.4990234375,0.28236774,0.09037635,2401.5128403940835,408223.5713623463,0.12551980153169695,0.004446229118111914,1.1952924,1.3096377,-1.4591345e-06,0.0038068611,9.0923123e-07,0.0014098778,-0.0031094702054755554,0.007024827596254985,0.07092593,0.002173238,-176.01424,90.238304,-11.580591,10.985378,-3.3303616,-4.647968,-13.668673,-0.66302073,-6.364657,-7.5617104,-12.180954,-7.3078737,-8.020352,5068.4946,789.81366,407.08716,317.3911,317.14993,220.09082,126.44315,101.99669,104.1404,119.95956,83.65696,107.79989,82.3075,Bossa-Nova
Chico Buarque - Gente Humilde.mp3,135.99917763157896,0.31898,0.094584875,1984.973696156013,598272.4996369882,0.07986465530778894,0.003087355682525809,1.1463546,1.1433325,-7.713861e-06,0.032304317,6.019023e-07,0.0051078624,0.009444721555650234,0.007172478622520353,0.20267989,0.008278953,-80.37496,114.08397,15.54045,11.564474,-9.975934,-0.1835072,-9.723966,2.6049767,-1.6501286,-5.356735,-5.754345,-5.48375,-11.804092,6322.4653,765.12585,579.5938,187.78947,206.77989,122.21413,135.14456,88.789406,74.43554,101.16023,56.064438,50.50025,44.608063,Bossa-Nova
"João Gilberto, Caetano Veloso, Gilberto Gil - Cordeiro de nana.mp3",112.34714673913044,0.31364328,0.091475286,1423.3943341133333,170960.03907771298,0.058023742510630076,0.0006703295048276241,1.1334977,0.948154,7.346337e-07,0.007081187,-3.3001718e-06,0.0012632894,0.01618801926346269,0.0068899562729408115,0.10105177,0.0013864518,-162.36581,142.18233,4.0254235,2.8232248,-19.232958,-11.596127,-16.833721,-1.9702222,-8.007859,-3.098653,-10.329709,-4.367228,-9.674531,3137.1724,484.57166,121.372826,101.280624,82.00722,61.490288,62.463943,45.540382,36.97772,32.913765,35.541153,37.582417,30.079943,Bossa-Nova
"Elis Regina, Antônio Carlos Jobim - Fotografia.mp3",117.45383522727273,0.3268896,0.089765474,1445.7318734638393,212679.35983792887,0.05808319693419018,0.0010282281487158478,1.1343205,1.1677318,-2.1426411e-05,0.008043209,-3.918007e-05,0.0013245244,0.005111129650778668,0.009850985059120285,0.10474685,0.0014268482,-157.59749,143.11581,9.685322,6.0766063,-6.1779823,0.4275712,-8.022118,1.1688868,-4.8875732,3.0269573,-1.6426055,6.2155657,0.63937336,3454.2268,472.33862,472.02112,194.09914,106.2985,103.12099,78.962,50.383614,67.13616,83.24541,69.70109,74.86154,100.64477,Bossa-Nova
Nara Leão - Outra Vez.mp3,112.34714673913044,0.3517038,0.08755826,1976.655444196154,528006.6303097464,0.0879838646356784,0.0034323973289217785,1.1077718,1.09198,-3.2304306e-06,0.011957296,-3.8304854e-05,0.0037974818,-0.004213930198951699,0.004920635581272469,0.14184703,0.0030315001,-96.8892,116.03591,-6.0324426,6.266983,-22.85284,-6.536914,-16.067371,-8.232104,-13.552347,-8.488283,-12.39386,-1.4261942,-2.92504,4337.593,850.9567,318.60022,92.126884,94.07141,71.331314,61.369293,54.041046,56.361702,76.83851,71.29529,75.63801,65.38767,Bossa-Nova
João Gilberto - Um Abraçp No Bonfá (A Hug for Bonfá).mp3,107.666015625,0.32795393,0.095283166,1702.6405291695373,193295.4623175017,0.07144213404764206,0.0008205776523502829,1.3736324,2.9118118,7.406221e-06,0.0056772507,1.2226223e-05,0.0018440644,0.0051916663751167234,0.00826035848633187,0.09363025,0.0017874062,-153.15703,123.4558,-2.5567796,9.971454,-1.3622587,-8.742082,-7.838379,5.4500356,3.0139532,0.51696825,-8.372313,-4.452484,-8.889667,5503.205,607.6006,378.36603,152.24391,149.61882,80.73237,60.00087,56.220425,62.024654,70.94221,50.965935,77.85881,80.41632,Bossa-Nova
João Gilberto - A Felicidade (Happiness).mp3,129.19921875,0.37617996,0.087866016,3071.333076047831,439960.3517620562,0.14000667399497488,0.004332677480055407,1.1528363,0.98934406,-3.9678107e-06,0.004574787,-4.744212e-06,0.001994169,0.008823340147074612,0.006814140087590336,0.093816765,0.00094810047,-100.790825,74.63278,15.400053,-1.0367414,-8.6609955,2.954006,-9.7315855,-1.3080983,-4.9896684,-5.1810184,-11.732054,-9.772477,-11.3843775,4202.501,445.1568,458.9628,152.45297,237.27531,110.36513,97.784546,88.51491,59.80261,64.79626,52.323093,48.19104,54.504066,Bossa-Nova
"Gal Costa, Antônio Carlos Jobim - One Note Samba - Live.mp3",117.45383522727273,0.36009178,0.089566,2488.396505194302,936237.9640515106,0.14695548052763818,0.010527428098658956,1.0811894,0.75675285,-1.0922766e-06,4.806037e-05,-2.6139883e-06,1.8602885e-05,0.004561445581622361,0.0033047922044373295,0.009091203,1.6444255e-05,-350.31924,80.83215,-19.85313,10.359708,-8.149364,-0.9930194,-6.808912,-2.154016,-8.517292,0.99523365,-6.6635695,-2.5440443,-5.7160816,3416.8103,3831.0054,916.989,124.81565,122.15766,127.645775,94.937546,74.192184,83.9632,117.8313,76.85568,103.3448,79.09282,Bossa-Nova
João Erbetta - Para Ver Você (feat. Leandro Lima & Fernanda Vasconcellos).mp3,123.046875,0.39380088,0.082595736,1773.9541176061214,351226.4059923218,0.06618598551652494,0.001269954538765612,1.2090585,1.4092261,-3.3040506e-06,0.011758943,-3.0293802e-05,0.005384594,-0.0020103910478446187,0.004180418073990182,0.15000606,0.0030590263,-108.24536,119.828156,17.398773,21.886497,1.2440536,9.262653,-4.9269414,3.22971,-1.2691423,3.6364093,-3.5933075,2.192067,-1.2336184,2726.0264,537.42194,368.4519,141.58403,175.4065,85.832855,110.366615,78.61756,71.36341,89.44705,65.67772,69.31614,77.95011,Bossa-Nova
João Gilberto - O Nosso Amor (Our Love).mp3,143.5546875,0.3793311,0.08962954,2648.0513893351363,445335.38278329535,0.13375018119443371,0.0038001709290756015,1.2032231,1.4659458,-2.8069e-07,0.0028165956,-6.9140074e-06,0.0015031283,0.01030356130194569,0.004470567599012502,0.07182234,0.00123882,-133.21454,84.5192,-10.628214,0.16983713,-8.761439,1.5373442,-10.077167,0.92757696,-4.653064,-3.040054,-10.461836,-9.382219,-10.650723,6565.0215,680.7531,560.9994,195.44756,211.67902,93.30878,105.825035,108.26712,76.018654,55.517532,50.240643,55.603615,52.71135,Bossa-Nova
João Gilberto - So em teus bracos.mp3,103.359375,0.31308082,0.08656327,2310.5298539329438,477406.8546367805,0.10696794519472362,0.003362193289711791,1.1203967,0.895883,5.949572e-06,0.006236744,2.8742621e-05,0.001460751,0.025858647562187725,0.007522420278100012,0.09274603,0.0017697497,-124.69814,103.23981,4.6778708,0.93838996,-7.0778337,1.3564023,-9.800251,0.97378105,3.1822684,0.6850512,-3.304643,2.5144224,-3.5373442,2977.9456,401.2767,700.697,165.32095,224.03731,102.785416,132.20795,81.81014,90.03679,74.69541,68.281006,83.53497,87.85752,Bossa-Nova
"Stan Getz, João Gilberto, Astrud Gilberto, Antônio Carlos Jobim - Corcovado (Quiet Nights Of Quiet Stars).mp3",86.1328125,0.30471274,0.09346622,1935.2118160857458,328574.44562052854,0.09070253611809045,0.0020386891137818353,1.1289461,1.1256193,-4.9018547e-07,0.008144613,3.836038e-05,0.0023830754,0.009629582612368357,0.005859448886042619,0.1039214,0.003919313,-142.05812,114.13148,-20.582432,-6.362893,-13.300455,-8.315085,-11.223192,-0.16887586,-6.66027,1.469783,1.5907478,4.857401,-0.7361364,4462.042,815.5429,745.59467,224.35123,212.22029,119.250565,100.132065,109.97498,101.65137,104.04422,88.19247,92.732445,151.71112,Bossa-Nova
Nara Leão - Este Seu Olhar.mp3,99.38401442307692,0.30503973,0.09545774,1674.6137112085853,552121.8579542119,0.060365680566293003,0.0022985803198296247,1.1991256,1.4988137,5.5747278e-06,0.011885561,2.501189e-05,0.0026166462,0.004689641333230417,0.009247079124831801,0.12619907,0.0034238223,-155.8693,127.08139,22.273703,10.114594,-7.3200703,-5.340346,-6.549272,-5.6970854,-9.642748,-8.575648,-10.580571,-5.7735147,-3.404389,5599.0713,729.9857,372.10333,156.79369,175.51,99.64592,126.58458,113.82053,92.868454,88.052414,96.620026,76.717674,84.3382,Bossa-Nova
Caetano Veloso - Samba De Verao.mp3,78.30255681818181,0.3416677,0.09178725,1606.0523680358576,309784.0719608983,0.06458694463906069,0.0015176031632456446,1.1587095,1.4910948,-1.8839919e-06,0.0025781118,-9.160721e-07,0.00087007013,0.008778330191746926,0.008679714413608087,0.064328246,0.0008011303,-200.91496,131.3712,5.31299,13.601475,-5.677081,1.7757595,-9.02757,0.2795144,-6.7558117,1.7538024,-5.9679155,-4.978367,-10.0562935,4015.554,448.87433,524.41833,179.11401,141.91322,93.68982,92.33696,81.27492,113.046776,160.40346,160.26562,59.43718,87.667984,Bossa-Nova
João Gilberto - Unhappy Remark (Palpite Infeliz).mp3,123.046875,0.38437286,0.090948835,1813.4191475218988,473584.46169970935,0.05887214769762273,0.001794587244822984,1.3783809,2.125978,-3.1701459e-06,0.0031232731,-6.9341877e-06,0.002232718,-0.0037146958598764063,0.0031012069812314156,0.079909906,0.0013188267,-185.34253,117.65677,25.840275,17.86943,2.7487426,6.9391985,-5.127736,4.8740177,-0.79072875,-3.7164836,-5.3336663,-0.8235493,-10.74532,4001.438,502.15335,455.37814,129.30328,128.40407,105.53653,99.41881,62.550083,69.3685,54.462917,62.367977,41.406334,63.739563,Bossa-Nova
Marcos Valle - Nova Bossa Nova.mp3,95.703125,0.37874407,0.08590535,1842.8228179679397,524233.55077820196,0.05923378158822961,0.0022378847162288613,1.6104316,3.5675244,4.0098953e-06,0.0059723575,-2.283371e-05,0.0059607876,0.007932908643789599,0.002360589151821003,0.12322295,0.0022966734,-140.87033,114.85094,29.123577,25.147703,4.3405113,1.1347866,-6.3201427,-4.135361,-5.8229465,-5.949166,-8.604335,-5.650362,-6.6128526,3526.5308,474.37668,242.0154,124.12699,155.99107,93.240105,74.3484,72.34897,59.023083,57.585094,35.93284,49.14867,37.698376,Bossa-Nova
"Astrud Gilberto, Antônio Carlos Jobim - Água de Beber.mp3",99.38401442307692,0.41205734,0.08297554,2382.4104887032554,374094.2338813268,0.11000257447091226,0.0025093880286659914,1.1960148,1.4307375,-6.079572e-07,0.005395533,-2.6800131e-05,0.0019099157,0.0075528117340247095,0.005253112817485251,0.09666422,0.0012969795,-108.21798,99.513756,5.4766407,9.552874,-1.8546045,0.8480602,-5.868424,-1.6029665,-4.5339956,0.7488247,-5.44807,-1.0218515,-0.29686168,3477.9282,444.96725,368.01627,159.98715,191.92104,115.546036,101.16911,79.38776,84.24849,69.83189,73.48451,67.62771,60.87412,Bossa-Nova
Antônio Carlos Jobim - O Morro Não Tem Vez.mp3,95.703125,0.34912595,0.09696826,2256.1446230610336,501140.4264465944,0.10788014592191728,0.002102718348449369,1.2985725,3.0336316,2.7141507e-06,0.0026227129,9.551606e-06,0.00092464685,-0.009058942217257554,0.006136410485874129,0.06024768,0.0013023411,-188.11833,98.17847,-0.12670776,18.348507,3.3672698,0.26477805,1.1630641,-0.82609904,-8.577877,-2.713242,-7.0334196,-2.9097,-4.6476874,8529.015,870.7432,620.3385,242.71475,145.60242,125.89246,123.66418,131.6547,165.01938,109.78305,151.58235,103.37942,101.277,Bossa-Nova
"Gal Costa, Antônio Carlos Jobim - Corcovado - Live.mp3",129.19921875,0.32392922,0.087329194,2106.897674235,334617.88188118325,0.09433038842046772,0.002333234436214617,1.0573133,0.7771431,-2.0648845e-06,5.4352746e-05,-9.041487e-07,9.436863e-06,0.011873878300335044,0.006450738865712592,0.008871498,8.308981e-06,-353.28705,104.1051,-4.4481,13.212957,-12.133035,-3.3541687,-12.515732,-6.880674,-11.404116,-4.7251234,-9.541076,-3.8452299,-7.956221,1841.3591,905.68195,398.44067,95.66034,121.49217,77.643166,66.44404,77.39008,77.39228,78.9394,76.74004,79.27036,81.76299,Bossa-Nova
Os Cariocas - Tim-Tim-Por-Tim-Tim.mp3,172.265625,0.37125167,0.084586576,1937.3088902344566,249359.42026021134,0.08943266512852725,0.0012772539787088862,1.26634,1.7720227,1.2962543e-06,0.003467091,2.0402535e-06,0.00163536,0.014414473815068947,0.005594335911491825,0.07759687,0.0014205093,-152.01894,114.68272,-7.7130275,6.2495556,-9.066888,-1.0265151,-14.603978,0.8388652,-7.619201,-3.5667355,-9.06613,-3.133404,-5.5417385,4754.921,545.87573,525.7671,344.75317,242.08577,120.99925,111.653534,70.94322,83.44456,61.073185,65.09866,51.666767,51.921844,Bossa-Nova
Sérgio Mendes - Magalenha.mp3,117.45383522727273,0.3538668,0.092191175,3894.288446875205,1939786.0609557796,0.2794927914814457,0.03136272466510263,1.3456167,2.3322163,-0.0003196669,0.0023386504,0.0003187154,0.0031988106,0.00606694684178592,0.00568304657210168,0.06435417,0.0044118357,-219.74881,31.392494,-17.903992,-3.6924014,-9.837961,3.956795,-4.7433033,-5.01117,-6.3858876,5.235948,-8.745599,2.459668,-4.810035,27009.86,2263.1238,1002.9013,321.07742,292.84512,171.47021,208.25734,102.76309,89.8307,170.84041,75.613655,91.62374,91.83768,Bossa-Nova
João Gilberto - Discussao.mp3,103.359375,0.33922756,0.09111384,2141.6694623662484,353990.9452075715,0.10200189650173946,0.0020831667201847296,1.1833081,1.1109202,1.1402254e-06,0.0040704254,-2.1081145e-05,0.0017330173,0.010273464531729606,0.005697714879899427,0.083353184,0.0013234745,-140.16017,109.21856,-3.3452616,3.5262535,-11.533757,4.740118,-12.707664,-0.0094616525,-2.2409904,-4.6716976,-8.963759,-3.5551178,-8.207275,3872.6824,440.88834,878.74615,172.18953,238.88425,126.79885,121.203674,84.37046,90.34107,71.08255,68.898224,56.079773,59.5481,Bossa-Nova
"João Gilberto - Brigas, Nunca Mais (Fights, Never More).mp3",112.34714673913044,0.29447138,0.09074469,2651.9068558435424,491609.74123471614,0.12051034167230383,0.0035747574719021866,1.1789075,1.2138307,-4.116602e-06,0.00575289,-1.2347306e-05,0.0012434317,-0.0019996861018842104,0.009117848381925732,0.088837236,0.0013112264,-125.45852,85.91708,0.56611615,-0.2528874,-8.847256,-0.28671366,-15.028828,-3.9908686,-4.2181134,-4.1107893,-10.900863,-7.3694963,-8.900896,3024.0671,487.1714,478.05914,230.21333,265.0478,121.9504,104.71146,60.769157,88.13163,85.495895,57.092445,49.13385,53.54764,Bossa-Nova
Aris Valle - Triste.mp3,184.5703125,0.31678692,0.08443141,1921.4479789728646,324219.81068854686,0.094481572526092,0.0012417516739867396,1.0951263,1.9440147,-6.923265e-07,0.0020420444,8.3655e-06,0.0003771106,-0.0030599713788926784,0.006518304621020688,0.053317808,0.00044778627,-198.01656,111.20918,-13.243929,4.9264617,-18.666735,-6.8665805,-13.302989,-8.301404,-8.014199,-1.3069885,-13.392864,-0.7817803,-11.185821,10573.747,988.5794,193.34676,96.0237,111.84998,68.80836,71.98144,70.62991,98.12988,47.639286,105.11309,58.896805,81.32859,Bossa-Nova
Gilberto Gil - Aos Pés da Cruz.mp3,112.34714673913044,0.3238007,0.09352998,1716.7923484744215,615322.4574621272,0.06882406322477773,0.0028228915479762465,1.485378,4.138971,1.5979999e-06,0.009421631,-5.6431936e-06,0.0057984726,0.006482693733406386,0.007584845407564055,0.12778051,0.004120395,-141.81215,127.4965,1.8044109,4.6711745,-10.527397,-5.510123,-10.680946,-4.2099056,-4.6885676,-1.7302566,-9.078244,-1.2621466,-5.573287,5105.2324,909.09955,554.88617,238.0816,227.25716,107.875244,111.46544,97.2285,104.19053,79.06643,94.132866,81.10205,76.86482,Bossa-Nova
João Gilberto - Samba de Uma Nota Só.mp3,107.666015625,0.3177526,0.090769745,2906.6378927079722,642841.168822892,0.14650287193177425,0.005154025042024026,1.2247853,1.4472466,-9.995614e-07,0.0053310026,-2.6144894e-06,0.0019438583,0.010122911293799728,0.007385164392766047,0.09259615,0.0013786086,-110.326004,78.15453,5.0006876,1.9828749,-15.151811,0.29359263,-15.204468,-3.0435154,-7.540261,-8.014399,-7.5648556,-4.801339,-5.9896545,3699.6582,540.0491,566.4215,175.02165,232.41191,111.031876,129.0611,76.91118,84.22809,78.60205,74.54518,62.043232,54.16911,Bossa-Nova
João Gilberto - Chega de Saudade.mp3,172.265625,0.32212606,0.09105242,2600.1594103773105,774026.4715233679,0.12437318050589485,0.005434642277206123,1.1211019,0.967472,-1.5577149e-06,0.0038838768,-1.15406865e-05,0.0010803505,0.005936362616929192,0.007306605773630927,0.07697172,0.0009101719,-143.52551,89.4615,2.3098485,-7.280248,-16.111166,1.5217261,-10.61371,-6.0277376,-6.2733006,-3.7434573,-12.143225,-6.071669,-13.16376,6940.8496,565.3988,794.41,182.8453,303.41544,106.92847,152.69084,68.08102,89.63284,96.19733,67.87071,70.70092,75.826225,Bossa-Nova
"Gal Costa, Caetano Veloso - Coração Vagabundo.mp3",112.34714673913044,0.3333737,0.0930825,1676.1433590979238,395846.6908152142,0.0685067842215887,0.002413666494455675,1.0207233,0.74864066,3.1216248e-06,0.007321304,2.6238225e-05,0.0013970744,-0.011925585349649945,0.00458821257955674,0.100713104,0.001884844,-153.22928,129.54086,11.502816,10.782816,-11.524831,-4.0045447,-9.592312,0.5064801,-9.007093,-2.2283473,-9.994442,-2.7101345,-6.335202,4982.385,590.668,486.47464,136.87227,117.815216,56.89196,62.92633,39.991356,45.12273,46.80817,49.109783,49.44415,38.375443,Bossa-Nova
João Gilberto - Bim Bom.mp3,129.19921875,0.35615364,0.09263662,2813.6741263175822,503503.7212857509,0.12615813442211055,0.00397780379977674,1.3666164,2.1315396,-8.1251017e-07,0.0012100538,1.14972945e-05,0.0006832432,-0.008950685035711184,0.004650125400694352,0.046609282,0.00069698103,-184.55449,84.00775,4.796128,-10.470225,-4.01489,0.38710958,-15.355762,-5.120725,-8.387293,-2.7641616,-11.2874365,-8.108733,-6.3301883,3901.267,437.51257,782.5518,154.8773,218.67114,84.27148,98.31569,74.05468,74.90917,51.2004,70.27414,54.03358,56.078682,Bossa-Nova
Django Reinhardt - Brazil.mp3,112.34714673913044,0.3176654,0.08899749,1947.274318469339,845308.4195729825,0.10936480781310398,0.00966057639835566,1.3493234,2.2907557,3.19594e-06,0.008074057,-4.788886e-06,0.0029643248,0.0003187389059091665,0.004069798172439902,0.11592386,0.0023596631,-148.64592,115.88196,9.955555,16.47633,-11.345404,2.1565826,-11.588195,4.122928,-13.570551,-8.388511,-20.328974,-9.251748,-8.818231,5392.876,1336.7684,376.22418,120.45146,129.32321,115.55788,143.0027,139.33566,119.12119,146.01509,102.754074,166.20001,103.2033,Bossa-Nova
"Toquinho, Vinícius de Moraes - Samba Da Benção.mp3",123.046875,0.32772997,0.089248076,2474.2349585780603,696028.2438191687,0.10296864430324701,0.0044015116163215046,1.2280344,1.4287751,-4.4948665e-06,0.0034877858,-2.3444e-05,0.0015712961,-0.010454501113862709,0.007666459444336085,0.07676285,0.0011714537,-164.27519,101.9212,34.56215,-7.0054727,-6.849313,-3.827663,-9.097183,-2.23334,-6.2026405,-10.652758,-6.5795846,-3.6283574,-8.572289,3634.923,463.4222,738.37463,211.28273,206.56184,111.74418,123.580124,70.86962,79.48674,87.371765,70.29726,59.338497,57.973106,Bossa-Nova
João Gilberto - Rosa Morena.mp3,161.4990234375,0.28186002,0.09025145,2386.8320177718333,412778.23525991244,0.1252242281117124,0.004396592363190802,1.1904488,1.3060932,-2.449689e-06,0.0056828563,2.7599503e-07,0.0021177386,-0.0002707338350064912,0.009989454264609829,0.0865164,0.0032523612,-157.25873,90.80359,-11.465493,11.380908,-3.213025,-4.491882,-13.373121,-0.46831423,-6.2918234,-7.3148417,-12.104744,-7.1543136,-7.9088125,5255.9277,798.4731,409.37552,320.58493,316.9666,223.13843,128.32248,99.46638,106.34226,122.42537,83.5753,109.80459,83.322174,Bossa-Nova
João Gilberto - Sorriu Para Mim.mp3,184.5703125,0.36885735,0.08843691,1646.2788273978304,302832.7307979064,0.05728575268167762,0.001295134333227893,1.2016126,1.2265949,4.98649e-06,0.005276771,-7.051323e-06,0.00079319155,-0.00025736032208007506,0.007055156619318341,0.08453905,0.00096566085,-174.1198,126.924126,13.844378,15.794586,0.07816242,4.9194183,-9.032348,-0.70624244,-5.560118,-0.45955583,-6.7082314,-5.320785,-7.799708,5058.3125,478.57498,546.9471,157.99438,112.6666,90.85878,90.669464,56.821323,71.244,56.1857,45.512863,51.17494,51.004475,Bossa-Nova
Susannah McCorkle - Manhã de Carnaval (Sunrise).mp3,95.703125,0.29457098,0.09584634,1601.3375900398169,325893.07054780284,0.0557942959992269,0.0012888266918082813,1.1727278,1.1750603,2.350327e-06,0.0034164244,-1.165515e-05,0.0005914575,-4.959693594027774e-05,0.006462496245252202,0.06152348,0.001409144,-228.54759,130.43417,19.081911,8.669257,-2.0953848,-3.9274263,-10.30225,-7.109796,-8.100944,-2.5259607,-4.3961015,0.7942339,-4.117203,3788.0317,364.1135,456.93332,184.19994,175.21541,98.0303,88.8167,59.50354,62.266052,59.53299,92.60601,71.71621,58.901787,Bossa-Nova
Cesária Evora - Sodade.mp3,107.666015625,0.40991548,0.08314121,1973.0458225192142,271694.8918553554,0.08100353782131813,0.0020659994343158526,1.0703843,0.8381679,-4.6283985e-06,0.006005576,-2.7096488e-05,0.0019766034,-0.0032856787386971315,0.003034963649436777,0.09811496,0.0024612874,-128.16371,110.446846,12.218316,16.182676,-10.238221,-5.7311373,-10.953537,4.727264,-6.5330195,-4.9112678,-2.6780436,2.668661,-5.511151,4081.9675,439.6698,160.13297,115.73074,112.61054,80.82788,83.563034,42.68249,57.148693,75.3253,58.02637,41.9491,56.930378,Bossa-Nova
João Gilberto - Girl from Ipanema.mp3,129.19921875,0.392123,0.08791942,1798.0219495523897,405903.0739673794,0.0669160480890027,0.0012689315979131977,1.170451,1.4837568,-2.8521395e-06,0.00495712,2.1160388e-07,0.0011982654,-0.0023203931657036344,0.004205527435191612,0.085685104,0.0013437701,-159.88226,125.12142,14.572735,6.587624,-2.8353112,1.8969231,-2.3604443,3.0483184,-1.6590328,5.1758184,-0.0788947,4.8922224,-0.3708513,3288.9968,481.00745,512.93024,199.57869,149.1666,98.43993,97.905685,85.750244,70.750435,53.568985,71.67655,64.06821,67.02274,Bossa-Nova
Antônio Carlos Jobim - The Girl From Ipanema.mp3,99.38401442307692,0.36264887,0.09348128,2472.8787176241667,319085.36945281277,0.12894532004976808,0.001897586874561821,1.2024221,1.4621043,9.0080437e-07,0.006265464,1.4892589e-06,0.0022437463,0.0032656188469297703,0.0053689291074422935,0.10431258,0.0013945746,-97.8558,91.73105,-8.734434,11.846654,-3.0117223,-4.131434,-3.082588,1.7040216,-0.4597493,-1.1996845,-5.818908,0.9279669,-5.8891807,2479.8784,518.6481,410.83563,247.39621,161.65761,101.18641,100.017006,135.83507,129.87427,144.26178,144.12346,142.18211,123.08613,Bossa-Nova
João Gilberto - Outra vez.mp3,123.046875,0.3273093,0.0904228,2553.081973083196,598842.1812348482,0.11898302359151527,0.004691361135802711,1.286312,1.6134423,2.192064e-06,0.004190998,4.5302139e-07,0.0013980654,0.008691829865010289,0.006937758558115992,0.07382779,0.0021908837,-154.65933,92.82934,2.3950362,-5.0967383,-13.237202,-2.5652182,-9.284338,-3.6356666,-3.427302,-5.6418715,-6.798115,-3.337048,-4.1909842,4350.0854,546.5999,490.61926,141.02423,230.95416,87.11279,136.14053,63.16762,69.46598,67.4569,68.02845,54.845467,82.35915,Bossa-Nova
Bebel Gilberto - Aganju.mp3,92.28515625,0.30644596,0.084018424,2001.4204157156207,503523.053109791,0.07873275632972555,0.001880157313147635,1.3056418,1.6648676,-3.09409e-06,0.010021121,1.4197182e-06,0.0023845956,0.004271920177082818,0.007364591847497255,0.11962145,0.0026645078,-129.17262,109.19166,11.759485,21.180515,-5.7259016,2.1362386,-9.100997,-7.044517,-12.753564,-7.2546554,-12.894728,-4.496472,-1.0746996,5678.916,643.8762,432.95602,188.1243,166.7466,108.06124,105.426994,102.84211,67.182556,87.884575,68.2779,59.554794,88.96372,Bossa-Nova
"Luiz Bonfá, Lalo Schifrin, Oscar Castro-Neves - Sambalamento.mp3",151.99908088235293,0.34806356,0.0918912,1856.9906944659915,388853.5740372783,0.07516171603208349,0.0021690898161492197,1.171143,1.3554583,-9.449662e-06,0.011391213,2.2422551e-05,0.0033097095,0.001816949041579739,0.006079006075039951,0.13151386,0.002691349,-115.86965,118.83426,11.209431,12.138825,2.0099695,6.6619697,-9.161405,-6.544025,-8.957091,0.97456396,-6.998796,-7.6637816,-9.865319,2187.5952,487.11804,469.6725,151.37851,244.69942,122.37469,81.968506,107.23437,77.16799,95.60826,60.62768,66.452515,63.193188,Bossa-Nova
Antônio Carlos Jobim - Água De Beber.mp3,135.99917763157896,0.3334083,0.090977706,2191.950253478432,510302.6287959772,0.11476874305421338,0.0028528951920002263,1.3095733,2.1506314,-4.218673e-06,0.004364732,-3.5052253e-05,0.0012445569,0.00705123449986188,0.004097687988743107,0.07912974,0.0013846968,-142.2148,107.33632,-12.315969,3.7966945,0.07380384,-4.7997785,-3.5182078,-1.8024832,-5.4502506,-1.1754026,-8.738735,-0.28276128,0.26788357,3006.3625,964.44745,458.9565,361.8444,115.97693,110.7721,105.46065,104.48085,111.8889,176.30505,118.16557,201.03671,87.81561,Bossa-Nova
Baden Powell - Canto De Ossanha.mp3,83.35433467741936,0.3730731,0.082939774,1439.314902657177,201153.1959001562,0.0419015902831465,0.0009868054616033728,1.1482064,2.3519292,1.4870614e-06,0.002377955,6.7340084e-06,0.00054506504,0.016259927594532986,0.012392372661562711,0.051566094,0.0012379216,-259.01166,128.7857,20.656557,25.127094,2.8696246,0.76006854,-6.918929,-1.0679677,-5.459796,-3.3688395,-3.2943208,3.7635798,-3.12335,11586.291,343.3827,270.22653,71.37158,79.70573,68.05328,62.922825,43.10308,35.768776,33.387367,28.04188,37.348648,24.651123,Bossa-Nova
João Gilberto - Doralice.mp3,117.45383522727273,0.35459095,0.088871665,2074.7382880713053,453596.0154889567,0.0930382456150947,0.0025046757500828158,1.3614125,2.173361,1.8479975e-06,0.003261877,1.0834163e-05,0.0021856178,0.00894918072935489,0.004257956775119902,0.08172972,0.0015000004,-147.93307,112.5157,3.1616347,5.772436,-9.844188,-1.6730409,-14.397329,2.6326978,-1.623606,-5.9812155,-10.723543,-2.7725916,-5.085597,4433.651,453.83783,699.7293,143.83443,226.80127,102.895294,156.21101,64.22117,82.698494,56.929184,52.42211,41.10451,44.101547,Bossa-Nova
Nara Leão - O Barquinho.mp3,95.703125,0.31907535,0.09376562,1758.4186844314213,300093.2202122221,0.07442429243573638,0.001328783564689288,1.3312398,2.7602057,5.1870565e-08,0.0037112369,4.2790707e-06,0.0013481062,-0.009161214459561496,0.008959065715046304,0.07530588,0.001430145,-190.8042,122.9621,2.4455163,7.658206,-6.4005227,-10.880604,-17.625395,-7.149412,-4.862721,-7.151193,-8.388007,0.61963004,-8.48296,5590.7983,647.5268,361.68356,154.76263,203.98749,85.85504,106.76584,135.43254,82.14812,100.202095,80.05953,92.24205,111.57778,Bossa-Nova
Bonga - Mona Ki Ngi Xica - Radio Edit.mp3,184.5703125,0.32516927,0.09126219,1753.9824405654185,290111.35932527744,0.06188714757682644,0.0013909175508987819,1.3559273,2.8317301,-7.807147e-06,0.0061508957,-6.033198e-07,0.0024894967,0.0009323735732886199,0.00714279604425,0.09761766,0.002624927,-167.8106,121.22881,8.916767,13.920306,-7.2523403,0.23399156,-11.262764,3.342039,-11.021476,-7.85165,-7.8249826,-1.7636119,-10.27039,5562.2905,470.9425,445.73624,202.57173,147.5432,82.30582,109.375336,71.48321,66.77883,61.897354,53.45394,55.397198,52.484684,Bossa-Nova
Caetano Veloso e Gilberto Gil - Desde Que O Samba E Samba.mp3,135.99917763157896,0.3353576,0.08824059,1708.4762780629019,150088.43187083112,0.06801963543679938,0.0008272951050226982,1.1220689,1.2112337,-1.1926037e-06,0.0020767339,1.7310861e-06,0.00046117077,-0.0010559880778612024,0.006252675885418127,0.055249676,0.00039764703,-205.38846,121.58953,-1.1246412,9.682615,-16.577723,-0.31269407,-19.241488,-2.9645298,-20.117445,-12.953723,-12.805715,-2.0202134,-6.5771637,2735.325,343.09702,386.0621,141.61012,200.9403,97.393555,119.08159,65.576416,88.58623,54.854973,53.343098,61.774967,56.377693,Bossa-Nova
João Kouyoumdjian - Surfboard.mp3,135.99917763157896,0.32994506,0.09239052,1532.012636533396,91662.3039496819,0.0734898198927329,0.000586195863689831,1.2664986,2.3909354,-2.0983434e-05,0.0017439803,-2.8968618e-05,0.0007563115,0.013191354842472544,0.005625537201513735,0.05544631,0.00045602428,-212.6955,135.2985,-12.409721,3.3230352,-20.338736,-7.4903545,-15.550372,-6.6197243,-10.122971,-2.5146968,0.083996736,1.8697263,-10.4120245,5328.4785,519.68475,237.38847,90.92044,90.516235,81.13221,56.909687,71.52464,87.09348,90.37025,103.04798,107.22128,95.80788,Bossa-Nova
João Gilberto - Who Needs Forever.mp3,123.046875,0.3382873,0.0894089,2580.5916762404404,312049.4702873959,0.12498829785948976,0.0028155133411889846,1.1654828,1.1191164,-7.094651e-08,0.0030805594,-4.198602e-06,0.00046897822,3.214165433831542e-05,0.008011697772459553,0.06419405,0.00047850923,-147.84166,84.99594,0.47739553,14.459141,-0.80485547,0.16030394,-6.625916,0.6190046,-4.7188673,2.5014608,-8.653822,1.7308153,-6.3447027,1949.1709,378.21033,323.0207,250.2756,131.32892,99.82408,107.20676,80.36242,92.71057,85.55341,95.290344,68.77431,111.669174,Bossa-Nova
Stan Getz - Izaura.mp3,95.703125,0.33467442,0.0875198,1729.7293565826271,385711.17213107646,0.06783844100309239,0.0014806788568567815,1.2114106,1.2308353,-6.1892383e-06,0.006428342,1.1372075e-05,0.001423228,0.00936066413255114,0.005520701093695546,0.09864602,0.0013654025,-148.96396,125.608086,13.95881,17.990837,-5.8700805,3.7364726,-14.048545,-2.2082868,-7.9191713,-1.0078746,-1.745021,0.7112848,-0.43780312,3862.7622,502.36298,441.39978,143.72943,197.03915,100.35396,81.51327,59.238743,71.72485,63.362213,53.077827,51.792217,51.13347,Bossa-Nova
Jorge Ben Jor - Chove Chuva.mp3,135.99917763157896,0.30787098,0.0894384,1742.7687301195224,515350.0333273434,0.06836145118621956,0.0024187677242258846,1.4235989,2.3349595,-7.3540514e-06,0.018839592,1.4261443e-05,0.004799293,0.016048166067385065,0.008851508323701929,0.16375086,0.004579784,-119.04875,121.97181,12.659445,15.056218,1.5114703,-0.7598598,-10.5680275,-0.029050423,-8.7140875,-1.5470796,-4.961393,-4.358029,-9.839266,7133.6313,808.4051,628.59705,146.94449,239.67491,94.89444,84.60884,73.38606,96.50335,64.836266,60.168957,76.02063,98.40757,Bossa-Nova
João Donato - A Rã.mp3,129.19921875,0.42400905,0.07966269,1892.9768753147582,213776.88745667003,0.08313257241737534,0.0018957900880252683,1.2718697,1.6256585,-1.1230702e-05,0.024044735,1.4250106e-05,0.0081234835,0.004741435301710437,0.003982507588309085,0.21161391,0.0027670502,-39.969788,119.61374,-1.9437463,15.470435,-11.52794,8.883073,1.3938124,2.579859,-7.0867777,1.1007763,-7.479269,2.8279176,-8.350129,2973.185,423.719,198.50134,127.325714,138.16907,76.60224,73.04285,67.02854,66.971176,53.625107,51.21265,57.925808,61.38028,Bossa-Nova
Paula Sergio - Garota de Ipanema.mp3,107.666015625,0.3931198,0.08530882,1826.6178233292217,159727.726340119,0.08292533128382296,0.0010109354347708117,1.2432555,1.3010381,-1.680634e-05,0.014737668,1.1979772e-05,0.006204814,0.009481803495155207,0.0037431532931817444,0.16840988,0.00364548,-66.615616,124.39208,-2.6193123,3.6026685,-3.851062,0.59550846,-4.7036414,3.105543,-3.6206422,-3.7572954,-5.2028155,-2.3720658,-6.061209,2604.3594,365.6364,332.82718,112.76628,168.32678,72.254745,90.18563,81.534065,59.819508,68.60301,67.72041,52.17375,54.243217,Bossa-Nova
Quincy Jones - Soul Bossa Nova.mp3,103.359375,0.38809815,0.08626919,3077.1533703889245,353400.1198702293,0.22118668764495555,0.005447754194380506,1.3738158,2.1774824,3.6323893e-06,0.004900464,1.6110951e-05,0.0074783843,-0.00425302800376587,0.0032289466769594623,0.124154046,0.0038067694,-66.19451,58.38382,-32.2255,10.107442,-5.6061254,12.488551,8.155331,5.507924,-3.2763684,3.7484987,-9.689433,5.24225,-5.090711,6104.489,613.16205,476.98672,367.1042,125.69634,75.26228,106.42182,109.311676,99.89117,114.0322,111.4567,81.80633,60.550983,Bossa-Nova
João Gilberto - Insensatez (How Insensitive).mp3,135.99917763157896,0.35550663,0.08760636,2169.1916179870123,514389.9191750979,0.1135037794138964,0.004096885485243368,0.9984288,0.7300169,4.7609674e-06,0.0057827528,5.5742653e-06,0.0009437753,-0.00605547317692789,0.007297538746967435,0.08877033,0.0009377415,-132.59886,107.52474,-3.2469273,11.976439,-12.202768,1.7022371,-15.508328,-2.686358,-8.532466,-3.0659285,-6.7891026,-2.2462473,-8.289923,2976.632,662.53253,704.115,174.1958,244.86954,139.42572,166.29729,92.38788,99.75004,74.18152,76.702644,76.137054,96.253235,Bossa-Nova
João Gilberto - Manha de Carnaval.mp3,172.265625,0.2990099,0.097518176,3431.948347382651,1078625.9111851673,0.19992257712843062,0.00860830913401505,0.93797255,0.35399222,-2.825107e-06,0.0048547364,-1.6081564e-06,0.0005995975,-0.001630249840091099,0.004501351216615041,0.078893214,0.0010423561,-130.34917,68.48297,-2.1276104,-18.377867,-8.945706,3.5128424,-4.39619,0.443862,-5.132799,2.9126577,-5.4620304,3.1027994,-4.1369696,4045.2246,1268.3406,540.54266,222.96152,295.85406,157.56728,139.72742,160.87654,151.98418,210.44206,145.23692,151.49098,98.75929,Bossa-Nova
João Erbetta - Ver o Mar (feat. Leandro Lima) - Versão Barco.mp3,123.046875,0.2944593,0.092167474,1524.3867771433916,248442.1269966069,0.055915847265172014,0.0012101905997456974,1.328874,3.247495,-3.3914505e-06,0.008275289,-1.1945092e-06,0.002183004,-0.003051985058801488,0.006428464946489199,0.10691661,0.0028512292,-174.59227,133.84737,10.8607645,8.316401,-14.346936,-10.5290785,-17.603155,-9.919195,-8.719973,-6.054656,-12.285042,-2.4556892,-7.7946615,5824.1606,417.10727,307.21124,145.05351,156.2303,86.32528,73.45711,79.94138,66.834656,61.929623,45.606537,45.30199,49.900803,Bossa-Nova
João Gilberto - Portuguese Washerwoman.mp3,95.703125,0.349879,0.08325812,2456.244008569046,171372.156811413,0.15166370464099344,0.0015826428939606293,1.2689635,1.4176993,-1.7111911e-06,0.0030069998,5.109471e-06,0.0014631257,0.0005307488233661122,0.0025418373314155143,0.075186804,0.00092818314,-125.73314,87.49573,-32.38075,25.535131,9.157409,-6.318737,-7.1030965,-2.8945744,-9.477298,8.139998,4.2345624,-0.9247358,-7.1872554,2817.149,394.87415,273.39603,206.54974,145.22346,104.62881,97.86186,51.173405,48.688408,83.19767,70.70042,65.54705,93.1107,Bossa-Nova
João Gilberto - Tu Mi Delirio.mp3,92.28515625,0.34806645,0.08894878,2149.0520407435506,334640.2305535215,0.09170137043390027,0.0015314476923878244,1.0699457,0.8688275,-9.555439e-07,0.0019974757,-1.0647541e-05,0.00041629493,0.003233858066919793,0.004798441935657518,0.053612288,0.00040246392,-182.56563,110.8136,10.327462,-1.0671932,-4.9957676,-1.6676823,-6.9813423,-4.3417983,-7.7773333,-6.049814,-8.557273,2.3502839,0.3216603,2422.243,358.78375,462.93372,178.64851,196.15823,101.403824,145.75314,97.83913,98.50836,70.7793,82.77508,82.56221,84.55065,Bossa-Nova
"Toquinho, Vinícius de Moraes - A Tonga Da Mironga Do Kabuletê.mp3",135.99917763157896,0.38009527,0.09453727,1775.2980767986774,717743.209491134,0.0899828009591711,0.007781328738709491,1.1357185,1.5612984,-7.4523655e-06,0.009750692,1.5025866e-05,0.0032811142,0.0012032813971499092,0.005404980941862125,0.11609014,0.0054436736,-163.74785,127.60779,-2.3411844,9.477431,-10.814699,-4.639919,-8.606771,2.9876626,-3.2438326,-1.7878511,-8.329639,-1.077582,-5.03789,19242.936,1309.2009,206.16876,133.076,123.03176,88.76017,96.608025,97.00489,61.445244,69.719086,60.7795,65.37767,77.67398,Bossa-Nova
"Miúcha, Antônio Carlos Jobim - Pela Luz dos Olhos Teus - Bonus Track.mp3",117.45383522727273,0.3204693,0.09436978,2021.1227221389952,330965.8459607511,0.10593060706175106,0.003683910106631725,1.1725248,1.435192,1.915441e-05,0.016542831,-1.6777549e-05,0.005045856,0.0010467052208008906,0.007287510598928654,0.16049333,0.005223015,-93.62674,109.66638,-17.54758,3.5909567,-12.617776,-7.605196,-11.275866,-2.8158324,-6.023615,-1.6255307,-8.618312,-2.9347093,-1.5503435,6161.8467,763.64197,1220.7716,196.48322,247.61377,91.72647,132.03583,82.40577,137.7401,130.12666,83.91743,92.16841,81.53788,Bossa-Nova
João Gilberto - Saudade Fez um Samba.mp3,172.265625,0.34841323,0.09217296,2737.8324095105413,725999.657390232,0.12801141373936992,0.0058206500467462025,1.2656065,1.7370743,-4.827019e-06,0.0049868324,-2.781728e-06,0.0017651158,0.003682976631359517,0.005654089267209829,0.088321194,0.0018408694,-123.92588,85.048645,2.085117,-2.344836,-11.392055,-3.929569,-13.138285,1.6913487,-4.2901525,-12.862062,-10.647621,-1.6450714,-5.909619,4518.7993,612.832,623.4268,172.28218,278.51584,123.813126,103.34978,56.75554,90.200096,107.51369,60.437042,50.979954,46.85164,Bossa-Nova
João Gilberto - O Grande Amor.mp3,129.19921875,0.24513257,0.095058106,1833.5235230229785,177050.90803895937,0.07967666608281794,0.0014239456284416382,1.0628029,0.80475205,-1.527905e-06,0.0060769366,-3.6800511e-06,0.0006581099,0.014473869466757596,0.008485064821179986,0.079504095,0.0021384319,-176.22821,116.31146,-7.705293,2.4232876,-21.399117,-1.4565029,-12.295283,4.796901,-9.335383,-5.540897,-1.4061646,1.3595058,3.5137107,4347.862,515.2931,398.8759,201.21767,164.76772,100.07515,90.63148,133.87138,95.13743,105.62904,139.3076,108.26717,116.63911,Bossa-Nova
